order_id,date,product,quantity,unit_price,customer_id,region,revenue
1,2025-01-01,Monitor,7,40,C002,Unknown,280
2,2025-01-02,Headset,9,20,C001,West,180
3,2025-01-03,Keyboard,8,40,C002,North,320
4,2025-01-04,Headset,12,40,C002,Unknown,480
5,2025-01-05,Headset,2,150,C003,South,300
7,2025-01-07,Keyboard,16,500,C002,Unknown,8000
8,2025-01-08,Keyboard,5,500,C003,West,2500
9,2025-01-09,Keyboard,3,20,C002,South,60
10,2025-01-10,Headset,12,500,C002,West,6000
12,2025-01-12,Keyboard,3,150,C001,South,450
13,2025-01-13,Headset,1,500,C001,East,500
14,2025-01-14,Mouse,3,500,C001,South,1500
15,2025-01-15,Monitor,5,20,C003,North,100
17,2025-01-17,Monitor,14,40,C002,Unknown,560
18,2025-01-18,Headset,3,150,C002,West,450
19,2025-01-19,Laptop,1,20,C003,South,20
20,2025-01-20,Monitor,5,500,C002,North,2500
22,2025-01-22,Headset,7,150,C005,East,1050
23,2025-01-23,Monitor,9,500,C004,West,4500
24,2025-01-24,Laptop,15,20,C002,West,300
25,2025-01-25,Laptop,15,500,C001,South,7500
27,2025-01-27,Keyboard,13,80,C005,West,1040
28,2025-01-28,Mouse,19,80,C004,North,1520
29,2025-01-29,Monitor,7,40,C001,North,280
30,2025-01-30,Monitor,17,500,C004,Unknown,8500
31,2025-01-31,Keyboard,4,500,Unknown,East,2000
32,2025-02-01,Monitor,5,40,C004,East,200
33,2025-02-02,Monitor,7,40,C002,Unknown,280
34,2025-02-03,Laptop,13,40,C002,West,520
35,2025-02-04,Keyboard,15,150,C003,East,2250
36,2025-02-05,Headset,11,500,C001,North,5500
37,2025-02-06,Keyboard,4,150,C002,North,600
38,2025-02-07,Headset,13,40,C005,South,520
39,2025-02-08,Laptop,7,500,C002,East,3500
40,2025-02-09,Mouse,19,150,C002,West,2850
41,2025-02-10,Monitor,2,150,C001,Unknown,300
42,2025-02-11,Laptop,10,40,C004,Unknown,400
43,2025-02-12,Monitor,13,500,C002,West,6500
44,2025-02-13,Mouse,6,40,C003,South,240
45,2025-02-14,Mouse,12,500,C004,Unknown,6000
46,2025-02-15,Laptop,12,80,C005,East,960
47,2025-02-16,Mouse,11,20,C001,South,220
48,2025-02-17,Headset,7,20,C005,East,140
49,2025-02-18,Mouse,1,20,C004,North,20
50,2025-02-19,Monitor,1,40,C004,South,40
51,2025-02-20,Monitor,13,80,C004,Unknown,1040
52,2025-02-21,Monitor,9,500,C005,South,4500
53,2025-02-22,Monitor,3,150,C004,South,450
54,2025-02-23,Headset,7,500,C005,South,3500
55,2025-02-24,Keyboard,6,150,C004,South,900
56,2025-02-25,Laptop,8,500,C003,East,4000
57,2025-02-26,Monitor,9,80,C004,North,720
58,2025-02-27,Mouse,5,150,C005,West,750
59,2025-02-28,Monitor,1,40,C002,South,40
60,2025-03-01,Mouse,19,500,C004,Unknown,9500
61,2025-03-02,Mouse,10,500,C002,South,5000
62,2025-03-03,Monitor,12,150,C003,Unknown,1800
63,2025-03-04,Headset,15,40,C001,East,600
64,2025-03-05,Mouse,9,40,C003,Unknown,360
65,2025-03-06,Mouse,17,80,C004,West,1360
66,2025-03-07,Monitor,17,40,C002,North,680
67,2025-03-08,Mouse,12,40,C002,Unknown,480
68,2025-03-09,Mouse,7,40,C005,Unknown,280
69,2025-03-10,Monitor,2,20,C002,North,40
70,2025-03-11,Monitor,3,80,C005,West,240
71,2025-03-12,Laptop,17,500,C001,South,8500
72,2025-03-13,Headset,5,150,C004,Unknown,750
73,2025-03-14,Headset,17,500,C005,North,8500
74,2025-03-15,Mouse,17,80,C001,East,1360
75,2025-03-16,Headset,17,150,C002,North,2550
76,2025-03-17,Mouse,2,80,C002,East,160
77,2025-03-18,Laptop,2,40,C001,West,80
78,2025-03-19,Monitor,5,150,C002,South,750
79,2025-03-20,Monitor,1,40,C001,North,40
80,2025-03-21,Monitor,1,500,C005,Unknown,500
81,2025-03-22,Headset,19,500,C005,West,9500
82,2025-03-23,Laptop,2,150,C001,North,300
83,2025-03-24,Headset,12,150,C005,Unknown,1800
84,2025-03-25,Headset,6,80,C005,North,480
85,2025-03-26,Laptop,4,80,C005,East,320
86,2025-03-27,Laptop,11,40,C003,North,440
87,2025-03-28,Laptop,17,150,C004,North,2550
88,2025-03-29,Laptop,6,500,C002,North,3000
89,2025-03-30,Monitor,5,80,C003,West,400
90,2025-03-31,Keyboard,2,80,C005,North,160
91,2025-04-01,Keyboard,6,500,C001,Unknown,3000
92,2025-04-02,Laptop,11,80,C005,East,880
93,2025-04-03,Keyboard,16,40,C004,East,640
94,2025-04-04,Keyboard,16,150,C005,North,2400
95,2025-04-05,Laptop,1,500,C001,West,500
96,2025-04-06,Keyboard,9,150,C004,West,1350
97,2025-04-07,Headset,6,80,C005,Unknown,480
98,2025-04-08,Mouse,16,80,C004,North,1280
99,2025-04-09,Mouse,3,500,C002,East,1500
100,2025-04-10,Laptop,4,40,C002,West,160
