employee_id,name,department,age,salary,years_of_service,is_full_time
1001,Employee_1,Finance,49,108603,6,False
1002,Employee_2,Operations,28,82256,0,True
1003,Employee_3,Sales,29,119135,0,True
1004,Employee_4,Operations,56,65222,19,False
1005,Employee_5,Operations,35,107373,12,True
1006,Employee_6,IT,38,109575,8,False
1007,Employee_7,Sales,57,114651,2,False
1008,Employee_8,Sales,25,93335,6,True
1009,Employee_9,Sales,23,40965,5,True
1010,Employee_10,Operations,27,54538,7,False
1011,Employee_11,Finance,25,100592,8,False
1012,Employee_12,Sales,50,38110,4,True
1013,Employee_13,Operations,39,109309,0,False
1014,Employee_14,IT,47,57266,18,True
1015,Employee_15,Finance,55,82992,9,False
1016,Employee_16,IT,31,112948,11,True
1017,Employee_17,Finance,57,36910,14,True
1018,Employee_18,Operations,35,30206,8,True
1019,Employee_19,HR,52,117054,19,False
1020,Employee_20,Finance,36,117897,16,False
1021,Employee_21,IT,29,53419,16,True
1022,Employee_22,Operations,35,80636,19,False
1023,Employee_23,Finance,44,80015,11,True
1024,Employee_24,HR,42,84268,6,True
1025,Employee_25,HR,37,117939,1,False
1026,Employee_26,Sales,39,48141,2,False
1027,Employee_27,Sales,45,110356,16,True
1028,Employee_28,IT,47,101910,4,False
1029,Employee_29,Finance,46,86044,16,False
1030,Employee_30,Finance,50,97214,16,True
1031,Employee_31,Sales,36,63827,16,True
1032,Employee_32,Finance,22,85820,1,False
1033,Employee_33,Finance,46,92623,1,True
1034,Employee_34,HR,28,111734,4,True
1035,Employee_35,Sales,30,105450,0,False
1036,Employee_36,Operations,45,52299,0,True
1037,Employee_37,Sales,22,73585,18,True
1038,Employee_38,Operations,29,94044,1,False
1039,Employee_39,HR,45,72557,11,False
1040,Employee_40,IT,32,79080,5,True
1041,Employee_41,Finance,38,32693,3,True
1042,Employee_42,HR,29,99163,10,False
1043,Employee_43,Finance,56,55939,16,False
1044,Employee_44,IT,56,78925,5,False
1045,Employee_45,IT,54,72941,4,False
1046,Employee_46,HR,26,51834,19,True
1047,Employee_47,IT,49,48047,1,False
1048,Employee_48,Operations,28,56105,5,False
1049,Employee_49,IT,30,105766,10,True
1050,Employee_50,Finance,29,45707,15,False
