order_id,date,product,quantity,unit_price,customer_id,region
1,2025-01-01,Monitor,7,40,C002,
2,2025-01-02,Headset,9,20,C001,West
3,2025-01-03,Keyboard,8,40,C002,North
4,2025-01-04,Headset,12,40,C002,
5,2025-01-05,Headset,2,150,C003,South
6,2025-01-06,Mouse,500,150,C002,South
7,2025-01-07,Keyboard,16,500,C002,
8,2025-01-08,Keyboard,5,500,C003,West
9,2025-01-09,Keyboard,3,20,C002,South
10,2025-01-10,Headset,12,500,C002,West
11,2025-01-11,Monitor,-3,40,C002,South
12,2025-01-12,Keyboard,3,150,C001,South
13,2025-01-13,Headset,1,500,C001,East
14,2025-01-14,Mouse,3,500,C001,South
15,2025-01-15,Monitor,5,20,C003,North
16,2025-01-16,Mouse,15,0,C005,
17,2025-01-17,Monitor,14,40,C002,
18,2025-01-18,Headset,3,150,C002,West
19,2025-01-19,Laptop,1,20,C003,South
20,2025-01-20,Monitor,5,500,C002,North
21,2025-01-21,Mouse,14,-50,C001,West
22,2025-01-22,Headset,7,150,C005,East
23,2025-01-23,Monitor,9,500,C004,West
24,2025-01-24,Laptop,15,20,C002,West
25,2025-01-25,Laptop,15,500,C001,South
26,2025-01-26,Keyboard,10,10000,C004,East
27,2025-01-27,Keyboard,13,80,C005,West
28,2025-01-28,Mouse,19,80,C004,North
29,2025-01-29,Monitor,7,40,C001,North
30,2025-01-30,Monitor,17,500,C004,
31,2025-01-31,Keyboard,4,500,,East
32,2025-02-01,Monitor,5,40,C004,East
33,2025-02-02,Monitor,7,40,C002,
34,2025-02-03,Laptop,13,40,C002,West
35,2025-02-04,Keyboard,15,150,C003,East
36,2025-02-05,Headset,11,500,C001,North
37,2025-02-06,Keyboard,4,150,C002,North
38,2025-02-07,Headset,13,40,C005,South
39,2025-02-08,Laptop,7,500,C002,East
40,2025-02-09,Mouse,19,150,C002,West
41,2025-02-10,Monitor,2,150,C001,
42,2025-02-11,Laptop,10,40,C004,
43,2025-02-12,Monitor,13,500,C002,West
44,2025-02-13,Mouse,6,40,C003,South
45,2025-02-14,Mouse,12,500,C004,
46,2025-02-15,Laptop,12,80,C005,East
47,2025-02-16,Mouse,11,20,C001,South
48,2025-02-17,Headset,7,20,C005,East
49,2025-02-18,Mouse,1,20,C004,North
50,2025-02-19,Monitor,1,40,C004,South
51,2025-02-20,Monitor,13,80,C004,
52,2025-02-21,Monitor,9,500,C005,South
53,2025-02-22,Monitor,3,150,C004,South
54,2025-02-23,Headset,7,500,C005,South
55,2025-02-24,Keyboard,6,150,C004,South
56,2025-02-25,Laptop,8,500,C003,East
57,2025-02-26,Monitor,9,80,C004,North
58,2025-02-27,Mouse,5,150,C005,West
59,2025-02-28,Monitor,1,40,C002,South
60,2025-03-01,Mouse,19,500,C004,
61,2025-03-02,Mouse,10,500,C002,South
62,2025-03-03,Monitor,12,150,C003,
63,2025-03-04,Headset,15,40,C001,East
64,2025-03-05,Mouse,9,40,C003,
65,2025-03-06,Mouse,17,80,C004,West
66,2025-03-07,Monitor,17,40,C002,North
67,2025-03-08,Mouse,12,40,C002,
68,2025-03-09,Mouse,7,40,C005,
69,2025-03-10,Monitor,2,20,C002,North
70,2025-03-11,Monitor,3,80,C005,West
71,2025-03-12,Laptop,17,500,C001,South
72,2025-03-13,Headset,5,150,C004,
73,2025-03-14,Headset,17,500,C005,North
74,2025-03-15,Mouse,17,80,C001,East
75,2025-03-16,Headset,17,150,C002,North
76,2025-03-17,Mouse,2,80,C002,East
77,2025-03-18,Laptop,2,40,C001,West
78,2025-03-19,Monitor,5,150,C002,South
79,2025-03-20,Monitor,1,40,C001,North
80,2025-03-21,Monitor,1,500,C005,
81,2025-03-22,Headset,19,500,C005,West
82,2025-03-23,Laptop,2,150,C001,North
83,2025-03-24,Headset,12,150,C005,
84,2025-03-25,Headset,6,80,C005,North
85,2025-03-26,Laptop,4,80,C005,East
86,2025-03-27,Laptop,11,40,C003,North
87,2025-03-28,Laptop,17,150,C004,North
88,2025-03-29,Laptop,6,500,C002,North
89,2025-03-30,Monitor,5,80,C003,West
90,2025-03-31,Keyboard,2,80,C005,North
91,2025-04-01,Keyboard,6,500,C001,
92,2025-04-02,Laptop,11,80,C005,East
93,2025-04-03,Keyboard,16,40,C004,East
94,2025-04-04,Keyboard,16,150,C005,North
95,2025-04-05,Laptop,1,500,C001,West
96,2025-04-06,Keyboard,9,150,C004,West
97,2025-04-07,Headset,6,80,C005,
98,2025-04-08,Mouse,16,80,C004,North
99,2025-04-09,Mouse,3,500,C002,East
100,2025-04-10,Laptop,4,40,C002,West
